{
  "timestamp": "1755747292.8498936",
  "overall_coverage": 31.038552321007078,
  "total_lines": 2542,
  "executed_lines": 789,
  "files": {
    "random": {
      "filename": 